{"epoch": [0, 1, 2, 3, 4, 5, 6, 7, 8, 9, 10, 11, 12, 13, 14, 15, 16, 17, 18, 19], "train_loss": [2.1874012929029427, 1.6200836870209179, 1.273616515167456, 1.0916034664538663, 0.9558868988943688, 0.8915082172896146, 0.8042504369967268, 0.7565904940204856, 0.7059492066956351, 0.6758127869843455, 0.6591024226661573, 0.6378920546235372, 0.5917576382974539, 0.5731188215640347, 0.5535394676035814, 0.5415140493956122, 0.4979629719110183, 0.495359863636425, 0.46338180110287763, 0.43723022906377973], "train_acc": [0.1888477366255144, 0.3541152263374486, 0.5210288065843621, 0.6004115226337449, 0.6449382716049382, 0.6695061728395062, 0.7066255144032921, 0.7258024691358025, 0.7451851851851852, 0.7518106995884773, 0.759917695473251, 0.7663374485596708, 0.7832921810699588, 0.7894650205761317, 0.7960493827160494, 0.8039094650205761, 0.8182716049382716, 0.8195061728395062, 0.8309053497942387, 0.8418518518518519], "test_loss": [1.8200227953273165, 1.3782181387116923, 1.145017892034096, 1.123613350931004, 1.0015770863499163, 0.8209663123862277, 0.7609742473832954, 0.8291112933109498, 0.6281973870371925, 0.6926957077440425, 0.6385188050479931, 0.6400662783048385, 0.6243304948063468, 0.6059165208561886, 0.6771927393267493, 0.5447746952720118, 0.6437147151700844, 0.5525761870502015, 0.5459812332231265, 0.5336241097349299], "test_acc": [0.2651851851851852, 0.4488888888888889, 0.5685185185185185, 0.5807407407407408, 0.5877777777777777, 0.71, 0.7185185185185186, 0.6903703703703704, 0.7737037037037037, 0.7444444444444445, 0.77, 0.762962962962963, 0.7751851851851852, 0.7781481481481481, 0.7614814814814815, 0.7992592592592592, 0.7681481481481481, 0.7985185185185185, 0.7985185185185185, 0.8114814814814815]}