{"0": {"precision": 0.8543689320388349, "recall": 0.9361702127659575, "f1-score": 0.8934010152284263, "support": 282}, "1": {"precision": 0.8988095238095238, "recall": 0.9741935483870968, "f1-score": 0.934984520123839, "support": 310}, "2": {"precision": 0.8617021276595744, "recall": 0.7297297297297297, "f1-score": 0.7902439024390245, "support": 333}, "3": {"precision": 0.867816091954023, "recall": 0.6213991769547325, "f1-score": 0.724220623501199, "support": 243}, "4": {"precision": 0.8865979381443299, "recall": 0.9923076923076923, "f1-score": 0.9364791288566243, "support": 260}, "5": {"precision": 0.801980198019802, "recall": 0.8181818181818182, "f1-score": 0.8100000000000002, "support": 198}, "6": {"precision": 0.6877323420074349, "recall": 0.8149779735682819, "f1-score": 0.7459677419354839, "support": 227}, "7": {"precision": 0.9511400651465798, "recall": 0.9831649831649831, "f1-score": 0.9668874172185431, "support": 297}, "8": {"precision": 0.8008658008658008, "recall": 0.7805907172995781, "f1-score": 0.7905982905982906, "support": 237}, "9": {"precision": 0.9933110367892977, "recall": 0.9488817891373802, "f1-score": 0.9705882352941176, "support": 313}, "accuracy": 0.8662962962962963, "macro avg": {"precision": 0.8604324056435202, "recall": 0.859959764149725, "f1-score": 0.8563370875195547, "support": 2700}, "weighted avg": {"precision": 0.8688933494449197, "recall": 0.8662962962962963, "f1-score": 0.8638710536706041, "support": 2700}}