{"0": {"precision": 0.838006230529595, "recall": 0.9057239057239057, "f1-score": 0.8705501618122977, "support": 297}, "1": {"precision": 0.9009584664536742, "recall": 0.9657534246575342, "f1-score": 0.9322314049586777, "support": 292}, "2": {"precision": 0.8273092369477911, "recall": 0.6866666666666666, "f1-score": 0.7504553734061932, "support": 300}, "3": {"precision": 0.8466257668711656, "recall": 0.5411764705882353, "f1-score": 0.660287081339713, "support": 255}, "4": {"precision": 0.908745247148289, "recall": 0.9958333333333333, "f1-score": 0.9502982107355865, "support": 240}, "5": {"precision": 0.8214285714285714, "recall": 0.7666666666666667, "f1-score": 0.793103448275862, "support": 210}, "6": {"precision": 0.7035928143712575, "recall": 0.8834586466165414, "f1-score": 0.7833333333333334, "support": 266}, "7": {"precision": 0.9419354838709677, "recall": 0.9765886287625418, "f1-score": 0.9589490968801313, "support": 299}, "8": {"precision": 0.7984189723320159, "recall": 0.8487394957983193, "f1-score": 0.8228105906313646, "support": 238}, "9": {"precision": 0.9832214765100671, "recall": 0.966996699669967, "f1-score": 0.9750415973377704, "support": 303}, "accuracy": 0.8581481481481481, "macro avg": {"precision": 0.8570242266463394, "recall": 0.8537603938483711, "f1-score": 0.8497060298710931, "support": 2700}, "weighted avg": {"precision": 0.8605122758228076, "recall": 0.8581481481481481, "f1-score": 0.8537989081413251, "support": 2700}}