{"epoch": [0, 1, 2, 3, 4, 5, 6, 7, 8, 9, 10, 11, 12, 13, 14, 15, 16, 17, 18, 19], "train_loss": [1.1206712444623312, 0.6915344379958792, 0.5129582862795136, 0.4009821916902016, 0.31531988514794246, 0.2545834458487515, 0.21486058911423625, 0.18385531203982272, 0.15993454883373323, 0.1462605329501776, 0.12580669358372687, 0.11764385062358017, 0.10003173514296121, 0.09568550879312028, 0.0784385357171665, 0.07097107072565857, 0.07141006016436918, 0.059443715917207145, 0.05366878047209892, 0.05029557964385108], "train_acc": [0.6023045267489712, 0.7575308641975309, 0.8253909465020576, 0.862798353909465, 0.8937860082304526, 0.9123868312757202, 0.9260493827160494, 0.9376543209876543, 0.9437448559670782, 0.9492181069958848, 0.9565843621399177, 0.9605761316872428, 0.9660082304526749, 0.9666666666666667, 0.9730041152263375, 0.9755144032921811, 0.9747736625514404, 0.9790946502057614, 0.981358024691358, 0.9833744855967078], "test_loss": [0.74819920258321, 0.8056927706451106, 0.6300767318196815, 0.3698387817788274, 0.39516112896353395, 0.941971537938132, 0.7458491850552733, 0.7436734044017854, 0.7463869636929346, 0.715740066666787, 0.4779426635750335, 0.18952484302659803, 0.21151850454065124, 0.19946460983347072, 0.2834917708735987, 0.1470757094637025, 0.20297497250912677, 0.33939725589393754, 0.6195098990726564, 0.1638657162260126], "test_acc": [0.7181481481481482, 0.7192592592592593, 0.7914814814814815, 0.8748148148148148, 0.8655555555555555, 0.7703703703703704, 0.8107407407407408, 0.8162962962962963, 0.7922222222222223, 0.817037037037037, 0.8537037037037037, 0.9351851851851852, 0.9259259259259259, 0.9388888888888889, 0.9207407407407407, 0.9507407407407408, 0.9314814814814815, 0.9014814814814814, 0.8477777777777777, 0.952962962962963]}