{"0": {"precision": 0.9888888888888889, "recall": 0.9238754325259516, "f1-score": 0.9552772808586761, "support": 289}, "1": {"precision": 0.9964788732394366, "recall": 0.8984126984126984, "f1-score": 0.9449081803005008, "support": 315}, "2": {"precision": 0.8601190476190477, "recall": 0.9506578947368421, "f1-score": 0.9031250000000001, "support": 304}, "3": {"precision": 0.9629629629629629, "recall": 0.9737827715355806, "f1-score": 0.968342644320298, "support": 267}, "4": {"precision": 0.9703389830508474, "recall": 0.9621848739495799, "f1-score": 0.9662447257383966, "support": 238}, "5": {"precision": 0.9333333333333333, "recall": 0.9479166666666666, "f1-score": 0.9405684754521964, "support": 192}, "6": {"precision": 0.9344262295081968, "recall": 0.9156626506024096, "f1-score": 0.9249492900608519, "support": 249}, "7": {"precision": 0.9795918367346939, "recall": 0.9795918367346939, "f1-score": 0.9795918367346939, "support": 294}, "8": {"precision": 0.9575971731448764, "recall": 0.9854545454545455, "f1-score": 0.971326164874552, "support": 275}, "9": {"precision": 0.9583333333333334, "recall": 0.9963898916967509, "f1-score": 0.9769911504424779, "support": 277}, "accuracy": 0.952962962962963, "macro avg": {"precision": 0.9542070661815618, "recall": 0.953392926231572, "f1-score": 0.9531324748782645, "support": 2700}, "weighted avg": {"precision": 0.9547694076327519, "recall": 0.952962962962963, "f1-score": 0.9531213726841167, "support": 2700}}