{"0": {"precision": 1.0, "recall": 0.9774193548387097, "f1-score": 0.9885807504078303, "support": 310}, "1": {"precision": 1.0, "recall": 0.9310344827586207, "f1-score": 0.9642857142857143, "support": 290}, "2": {"precision": 0.9025069637883009, "recall": 0.9938650306748467, "f1-score": 0.945985401459854, "support": 326}, "3": {"precision": 0.9906542056074766, "recall": 0.986046511627907, "f1-score": 0.9883449883449883, "support": 215}, "4": {"precision": 0.9872340425531915, "recall": 0.9747899159663865, "f1-score": 0.9809725158562368, "support": 238}, "5": {"precision": 0.9764150943396226, "recall": 0.9672897196261683, "f1-score": 0.9718309859154929, "support": 214}, "6": {"precision": 0.9886792452830189, "recall": 0.9776119402985075, "f1-score": 0.9831144465290808, "support": 268}, "7": {"precision": 1.0, "recall": 0.9724137931034482, "f1-score": 0.9860139860139859, "support": 290}, "8": {"precision": 0.9803921568627451, "recall": 1.0, "f1-score": 0.99009900990099, "support": 250}, "9": {"precision": 0.980327868852459, "recall": 1.0, "f1-score": 0.990066225165563, "support": 299}, "accuracy": 0.9781481481481481, "macro avg": {"precision": 0.9806209577286815, "recall": 0.9780470748894594, "f1-score": 0.9789294023879735, "support": 2700}, "weighted avg": {"precision": 0.9793720616501307, "recall": 0.9781481481481481, "f1-score": 0.978298101597285, "support": 2700}}