{"0": {"precision": 0.99609375, "recall": 0.897887323943662, "f1-score": 0.9444444444444445, "support": 284}, "1": {"precision": 0.9804560260586319, "recall": 0.9966887417218543, "f1-score": 0.9885057471264367, "support": 302}, "2": {"precision": 0.9351535836177475, "recall": 0.9288135593220339, "f1-score": 0.9319727891156463, "support": 295}, "3": {"precision": 0.9832635983263598, "recall": 0.9215686274509803, "f1-score": 0.9514170040485829, "support": 255}, "4": {"precision": 0.9959349593495935, "recall": 0.953307392996109, "f1-score": 0.9741550695825051, "support": 257}, "5": {"precision": 0.967391304347826, "recall": 0.967391304347826, "f1-score": 0.967391304347826, "support": 184}, "6": {"precision": 0.8631921824104235, "recall": 0.977859778597786, "f1-score": 0.916955017301038, "support": 271}, "7": {"precision": 0.9691358024691358, "recall": 0.9602446483180428, "f1-score": 0.9646697388632872, "support": 327}, "8": {"precision": 0.9264705882352942, "recall": 0.984375, "f1-score": 0.9545454545454545, "support": 256}, "9": {"precision": 0.9889705882352942, "recall": 1.0, "f1-score": 0.9944547134935305, "support": 269}, "accuracy": 0.9585185185185185, "macro avg": {"precision": 0.9606062383050306, "recall": 0.9588136376698294, "f1-score": 0.9588511282868751, "support": 2700}, "weighted avg": {"precision": 0.9605882228989522, "recall": 0.9585185185185185, "f1-score": 0.9586910696847729, "support": 2700}}