{"epoch": [0, 1, 2, 3, 4, 5, 6, 7, 8, 9, 10, 11, 12, 13, 14, 15, 16, 17, 18, 19], "train_loss": [1.0924146814895757, 0.6507350440476657, 0.5270720368255803, 0.44222785875139903, 0.38606994550414536, 0.3369457694287163, 0.29703213353706487, 0.27141538011990946, 0.24314235927146158, 0.23160751883507755, 0.2099508886703064, 0.19035314212365406, 0.17902339360841507, 0.17200835212145324, 0.16470737329603713, 0.15100471444550612, 0.1465425390357711, 0.14118749023464972, 0.13643043554675433, 0.12644258238651135], "train_acc": [0.6010699588477366, 0.7694238683127572, 0.8179835390946502, 0.8511522633744856, 0.8681069958847737, 0.8876954732510288, 0.8979012345679013, 0.905843621399177, 0.9171604938271605, 0.92, 0.9296707818930041, 0.9351440329218107, 0.9379835390946502, 0.9402057613168724, 0.942716049382716, 0.947037037037037, 0.9497942386831276, 0.9513168724279836, 0.95440329218107, 0.9557201646090535], "test_loss": [0.852153849099162, 0.5606300607654293, 0.6887209799923223, 0.5007679066069689, 0.8189509478810977, 0.2888232679106295, 0.2939938945522168, 0.18878643277663318, 0.3261995315021345, 0.253211977960681, 0.20632532488047725, 0.3512434303001418, 0.19109256784159542, 0.23573930524930237, 0.15676728087978867, 0.16064760863642172, 0.13273499443135658, 0.2225952494312846, 0.21454636531312998, 0.18967837274223345], "test_acc": [0.6774074074074075, 0.812962962962963, 0.7581481481481481, 0.8203703703703704, 0.7666666666666667, 0.904074074074074, 0.9022222222222223, 0.9355555555555556, 0.8855555555555555, 0.9203703703703704, 0.9344444444444444, 0.9051851851851852, 0.9322222222222222, 0.9211111111111111, 0.9496296296296296, 0.9462962962962963, 0.9588888888888889, 0.9333333333333333, 0.9277777777777778, 0.9314814814814815]}