{"0": {"precision": 0.979381443298969, "recall": 0.9223300970873787, "f1-score": 0.95, "support": 309}, "1": {"precision": 0.9931972789115646, "recall": 0.9965870307167235, "f1-score": 0.9948892674616695, "support": 293}, "2": {"precision": 0.9368770764119602, "recall": 0.912621359223301, "f1-score": 0.9245901639344262, "support": 309}, "3": {"precision": 1.0, "recall": 0.948936170212766, "f1-score": 0.9737991266375546, "support": 235}, "4": {"precision": 0.982532751091703, "recall": 0.9183673469387755, "f1-score": 0.949367088607595, "support": 245}, "5": {"precision": 0.9569377990430622, "recall": 0.9803921568627451, "f1-score": 0.9685230024213075, "support": 204}, "6": {"precision": 0.8615384615384616, "recall": 0.986784140969163, "f1-score": 0.919917864476386, "support": 227}, "7": {"precision": 0.9587020648967551, "recall": 0.9643916913946587, "f1-score": 0.9615384615384616, "support": 337}, "8": {"precision": 0.9538461538461539, "recall": 0.992, "f1-score": 0.9725490196078431, "support": 250}, "9": {"precision": 0.9829931972789115, "recall": 0.993127147766323, "f1-score": 0.9880341880341881, "support": 291}, "accuracy": 0.9603703703703703, "macro avg": {"precision": 0.9606006226317542, "recall": 0.9615537141171835, "f1-score": 0.9603208182719432, "support": 2700}, "weighted avg": {"precision": 0.9619373725345024, "recall": 0.9603703703703703, "f1-score": 0.9604749482885744, "support": 2700}}