{"epoch": [0, 1, 2, 3, 4, 5, 6, 7, 8, 9, 10, 11, 12, 13, 14, 15, 16, 17, 18, 19], "train_loss": [2.2865632594299314, 1.8831334693145751, 1.6012103602218628, 1.4637636293029785, 1.3843933869934082, 1.3164404040527344, 1.259882889175415, 1.2093547548294068, 1.1656273770904542, 1.12123390499115, 1.0855930667877198, 1.0498246321678162, 1.0201352035331726, 0.9924614507675171, 0.9643014127731323, 0.9374030688285827, 0.9143339687728882, 0.8867345211982727, 0.8653418276786804, 0.8443816675567627], "train_acc": [0.13262, 0.31402, 0.41346, 0.47012, 0.49934, 0.5295, 0.54852, 0.57034, 0.5863, 0.60318, 0.61446, 0.62856, 0.64116, 0.65106, 0.66156, 0.67154, 0.6793, 0.6906, 0.69704, 0.70588], "test_loss": [2.1551320903778075, 1.685084466600418, 1.4997511982917786, 1.4266129498243332, 1.3400442821502685, 1.2828729200839997, 1.253977262878418, 1.2753375692129134, 1.1712440518021583, 1.141244446015358, 1.1315709000349046, 1.1170231868982314, 1.1168623774647712, 1.0769509228944778, 1.0631762083232403, 1.0454490478396417, 1.047754964774847, 1.0205574245095252, 1.0459720420479774, 1.026846251821518], "test_acc": [0.201, 0.3759, 0.4578, 0.4804, 0.5229, 0.5403, 0.554, 0.5434, 0.579, 0.5967, 0.6007, 0.6008, 0.6053, 0.625, 0.6287, 0.635, 0.6366, 0.6438, 0.6437, 0.6451]}