{"0": {"precision": 0.7395459976105138, "recall": 0.619, "f1-score": 0.6739248775176919, "support": 1000}, "1": {"precision": 0.7432052483598875, "recall": 0.793, "f1-score": 0.7672955974842767, "support": 1000}, "2": {"precision": 0.5489614243323442, "recall": 0.555, "f1-score": 0.5519641969169566, "support": 1000}, "3": {"precision": 0.4874251497005988, "recall": 0.407, "f1-score": 0.4435967302452316, "support": 1000}, "4": {"precision": 0.5657546337157988, "recall": 0.641, "f1-score": 0.6010314111579934, "support": 1000}, "5": {"precision": 0.5343866171003717, "recall": 0.575, "f1-score": 0.5539499036608863, "support": 1000}, "6": {"precision": 0.6775043936731108, "recall": 0.771, "f1-score": 0.7212347988774556, "support": 1000}, "7": {"precision": 0.7554479418886199, "recall": 0.624, "f1-score": 0.683461117196057, "support": 1000}, "8": {"precision": 0.6808333333333333, "recall": 0.817, "f1-score": 0.7427272727272727, "support": 1000}, "9": {"precision": 0.7400228050171037, "recall": 0.649, "f1-score": 0.6915290356952584, "support": 1000}, "accuracy": 0.6451, "macro avg": {"precision": 0.6473087544731682, "recall": 0.6451, "f1-score": 0.6430714941479081, "support": 10000}, "weighted avg": {"precision": 0.6473087544731682, "recall": 0.6451, "f1-score": 0.643071494147908, "support": 10000}}