{"0": {"precision": 0.7662942271880819, "recall": 0.823, "f1-score": 0.7936354869816779, "support": 1000}, "1": {"precision": 0.9408418657565415, "recall": 0.827, "f1-score": 0.8802554550292709, "support": 1000}, "2": {"precision": 0.6681222707423581, "recall": 0.765, "f1-score": 0.7132867132867133, "support": 1000}, "3": {"precision": 0.6911957950065704, "recall": 0.526, "f1-score": 0.5973878478137422, "support": 1000}, "4": {"precision": 0.823803967327888, "recall": 0.706, "f1-score": 0.7603661820140012, "support": 1000}, "5": {"precision": 0.7236024844720497, "recall": 0.699, "f1-score": 0.7110885045778231, "support": 1000}, "6": {"precision": 0.7915162454873647, "recall": 0.877, "f1-score": 0.832068311195446, "support": 1000}, "7": {"precision": 0.794200187090739, "recall": 0.849, "f1-score": 0.8206863218946351, "support": 1000}, "8": {"precision": 0.8918918918918919, "recall": 0.858, "f1-score": 0.8746177370030581, "support": 1000}, "9": {"precision": 0.7760814249363868, "recall": 0.915, "f1-score": 0.8398347865993574, "support": 1000}, "accuracy": 0.7845, "macro avg": {"precision": 0.7867550359899872, "recall": 0.7844999999999999, "f1-score": 0.7823227346395726, "support": 10000}, "weighted avg": {"precision": 0.7867550359899871, "recall": 0.7845, "f1-score": 0.7823227346395726, "support": 10000}}