{"epoch": [0, 1, 2, 3, 4, 5, 6, 7, 8, 9, 10, 11, 12, 13, 14, 15, 16, 17, 18, 19], "train_loss": [1.503057218017578, 0.9945352700805664, 0.763138129234314, 0.5996497553062439, 0.4729496609973907, 0.3554184953379631, 0.2620131153649092, 0.1953067502939701, 0.1493297777250409, 0.12494212886229157, 0.1117702186781168, 0.09765673666596413, 0.0899107407976687, 0.08300079299030826, 0.07360616377409547, 0.07726281902488322, 0.06737616155780851, 0.061425157903004436, 0.05569667254035827, 0.061862633464597166], "train_acc": [0.45174, 0.6476, 0.7339, 0.79054, 0.83564, 0.87528, 0.90838, 0.93126, 0.94794, 0.95572, 0.9609, 0.9662, 0.96812, 0.97158, 0.97448, 0.97402, 0.97758, 0.97868, 0.98092, 0.97932], "test_loss": [1.125755622279644, 0.8661789830505848, 0.7499931861788034, 0.7061924175269901, 0.6343554687961936, 0.6667665206175297, 0.6953286952307448, 0.7821742519914172, 0.9443667102519423, 0.9367389800901059, 0.9426557049851632, 0.9293184413112292, 0.9707384108649567, 1.0118819453824661, 1.0585231686438434, 1.0090657167726023, 1.203067077442049, 1.0502871978196657, 1.1427412809957642, 1.2032041778798037], "test_acc": [0.5953, 0.6972, 0.744, 0.7592, 0.7828, 0.7855, 0.7948, 0.7885, 0.778, 0.783, 0.7901, 0.7993, 0.7964, 0.7957, 0.7898, 0.7964, 0.7744, 0.8017, 0.7968, 0.7845]}