{"epoch": [0, 1, 2, 3, 4, 5, 6, 7, 8, 9, 10, 11, 12, 13, 14, 15, 16, 17, 18, 19], "train_loss": [1.530672381629944, 1.060929271659851, 0.8642423167419434, 0.7518090633964538, 0.6720474132347107, 0.613960335149765, 0.567970224199295, 0.5335272567081452, 0.49769268045425413, 0.47007598276138307, 0.43998981434345247, 0.420142699637413, 0.39858000758886336, 0.3808179989147186, 0.367101513504982, 0.343263203125, 0.33129639965295793, 0.3156754093670845, 0.3030442546057701, 0.2859719313502312], "train_acc": [0.42648, 0.62134, 0.6956, 0.73874, 0.7656, 0.78774, 0.80442, 0.81452, 0.82684, 0.83602, 0.84736, 0.8527, 0.86042, 0.8673, 0.87174, 0.8787, 0.88502, 0.88862, 0.8933, 0.89854], "test_loss": [1.2669886499881744, 0.9414613913416863, 0.861122691243887, 0.7344481451839209, 0.6551869108259678, 0.8219323648035526, 0.6145069654241204, 0.5819969030238688, 0.6202434760324657, 0.593992098031193, 0.5795959216199815, 0.5725943747609854, 0.6239081263795495, 0.5880395027123392, 0.5555133740976452, 0.5958044067621231, 0.6317406056202948, 0.5778369750401006, 0.6049249298758805, 0.6155925260387362], "test_acc": [0.5383, 0.665, 0.7006, 0.7446, 0.7761, 0.7168, 0.7879, 0.8009, 0.789, 0.8024, 0.8023, 0.8034, 0.797, 0.8058, 0.8182, 0.8105, 0.8013, 0.8187, 0.8127, 0.8134]}