{"0": {"precision": 0.768695652173913, "recall": 0.884, "f1-score": 0.8223255813953487, "support": 1000}, "1": {"precision": 0.9447983014861996, "recall": 0.89, "f1-score": 0.9165808444902162, "support": 1000}, "2": {"precision": 0.7815315315315315, "recall": 0.694, "f1-score": 0.7351694915254238, "support": 1000}, "3": {"precision": 0.6279683377308707, "recall": 0.714, "f1-score": 0.6682264857276555, "support": 1000}, "4": {"precision": 0.7565849227974568, "recall": 0.833, "f1-score": 0.7929557353641122, "support": 1000}, "5": {"precision": 0.7497393117831074, "recall": 0.719, "f1-score": 0.7340479836651352, "support": 1000}, "6": {"precision": 0.8713692946058091, "recall": 0.84, "f1-score": 0.8553971486761711, "support": 1000}, "7": {"precision": 0.86282722513089, "recall": 0.824, "f1-score": 0.8429667519181585, "support": 1000}, "8": {"precision": 0.9382716049382716, "recall": 0.836, "f1-score": 0.884188260179799, "support": 1000}, "9": {"precision": 0.8894373149062191, "recall": 0.901, "f1-score": 0.8951813214108296, "support": 1000}, "accuracy": 0.8135, "macro avg": {"precision": 0.8191223497084268, "recall": 0.8135, "f1-score": 0.814703960435285, "support": 10000}, "weighted avg": {"precision": 0.8191223497084269, "recall": 0.8135, "f1-score": 0.8147039604352849, "support": 10000}}