{"epoch": [0, 1, 2, 3, 4, 5, 6, 7, 8, 9, 10, 11, 12, 13, 14, 15, 16, 17, 18, 19], "train_loss": [1.1474816318511962, 0.6175978733380636, 0.520308176501592, 0.4632425519307454, 0.42591175105174384, 0.3996230374733607, 0.3759743011156718, 0.3585495221734047, 0.3422209337015947, 0.330207391556104, 0.31942697467803954, 0.31000597158273063, 0.3023349245170752, 0.2940069588840008, 0.287953750872612, 0.28105580735007923, 0.27587272664109863, 0.27036749793589115, 0.26468925408323607, 0.2592289585252603], "train_acc": [0.5775333333333333, 0.7637166666666667, 0.80545, 0.8278666666666666, 0.8432833333333334, 0.8529, 0.86235, 0.86885, 0.8733666666666666, 0.8787333333333334, 0.8812666666666666, 0.8863833333333333, 0.88835, 0.8907666666666667, 0.8936833333333334, 0.8955666666666666, 0.8974, 0.8997833333333334, 0.9022833333333333, 0.9039], "test_loss": [0.6935860338628292, 0.5762712176382542, 0.5238150665841996, 0.47485507795587184, 0.4707418799214065, 0.4129720836725086, 0.4058658832307905, 0.38095508849844334, 0.3710777563665062, 0.36437157210037113, 0.37798701782524585, 0.34949260248690844, 0.3587725618541241, 0.32899805053528397, 0.3201351321713999, 0.33085214571505783, 0.32489652867950497, 0.31471623900048434, 0.31400168633572756, 0.3099516204917803], "test_acc": [0.7374, 0.7774, 0.8043, 0.8266, 0.8206, 0.8511, 0.8492, 0.862, 0.8647, 0.8678, 0.864, 0.8708, 0.8665, 0.8792, 0.8834, 0.8802, 0.8828, 0.8867, 0.8846, 0.8863]}