{"0": {"precision": 0.838974358974359, "recall": 0.818, "f1-score": 0.8283544303797468, "support": 1000}, "1": {"precision": 0.9818731117824774, "recall": 0.975, "f1-score": 0.9784244856999498, "support": 1000}, "2": {"precision": 0.863013698630137, "recall": 0.819, "f1-score": 0.840430990251411, "support": 1000}, "3": {"precision": 0.8092386655260907, "recall": 0.946, "f1-score": 0.8722913785154449, "support": 1000}, "4": {"precision": 0.8124373119358074, "recall": 0.81, "f1-score": 0.8112168252378567, "support": 1000}, "5": {"precision": 0.9667673716012085, "recall": 0.96, "f1-score": 0.963371801304566, "support": 1000}, "6": {"precision": 0.7153846153846154, "recall": 0.651, "f1-score": 0.6816753926701572, "support": 1000}, "7": {"precision": 0.9312681510164569, "recall": 0.962, "f1-score": 0.9463846532218396, "support": 1000}, "8": {"precision": 0.9709418837675351, "recall": 0.969, "f1-score": 0.96996996996997, "support": 1000}, "9": {"precision": 0.9694811800610377, "recall": 0.953, "f1-score": 0.9611699445284921, "support": 1000}, "accuracy": 0.8863, "macro avg": {"precision": 0.8859380348679725, "recall": 0.8863, "f1-score": 0.8853289871779435, "support": 10000}, "weighted avg": {"precision": 0.8859380348679724, "recall": 0.8863, "f1-score": 0.8853289871779434, "support": 10000}}