{"epoch": [0, 1, 2, 3, 4, 5, 6, 7, 8, 9, 10, 11, 12, 13, 14, 15, 16, 17, 18, 19], "train_loss": [0.4831142459948858, 0.2974600918233395, 0.25220123347441353, 0.22083376749257247, 0.19589534893532595, 0.1743800031915307, 0.15365426673640808, 0.1331398551179717, 0.11455213754444073, 0.09856140474565327, 0.0856993980482531, 0.07288680025795087, 0.06476081421962007, 0.054220156347817586, 0.04939938832636108, 0.0464870581302559, 0.04198720816156905, 0.03860331264389873, 0.036350614012456206, 0.03502914312969369], "train_acc": [0.8231666666666667, 0.89145, 0.9075666666666666, 0.9182833333333333, 0.92715, 0.9351, 0.9426666666666667, 0.9503833333333334, 0.9571, 0.9629333333333333, 0.968, 0.9725, 0.9760833333333333, 0.9798, 0.9816833333333334, 0.9827333333333333, 0.98445, 0.9859166666666667, 0.9868, 0.9874666666666667], "test_loss": [0.36166447970401494, 0.28236889788936825, 0.25314634211580267, 0.23488222210128734, 0.22789122848924598, 0.23004707091290622, 0.22262173555362025, 0.2319869275342382, 0.2633747963361624, 0.2641642698155315, 0.25153662817520306, 0.2613414164256992, 0.30627835834430067, 0.3257306189415901, 0.3295064360797156, 0.3398539075345142, 0.3527231552879326, 0.36097481695254263, 0.38541596461295996, 0.3801958835058342], "test_acc": [0.8676, 0.8991, 0.9102, 0.9154, 0.918, 0.9165, 0.9254, 0.925, 0.9194, 0.9242, 0.9263, 0.9256, 0.9253, 0.9257, 0.9238, 0.9219, 0.9249, 0.925, 0.9259, 0.9218]}