{"0": {"precision": 0.8760162601626016, "recall": 0.862, "f1-score": 0.8689516129032256, "support": 1000}, "1": {"precision": 0.9831181727904668, "recall": 0.99, "f1-score": 0.9865470852017938, "support": 1000}, "2": {"precision": 0.9175824175824175, "recall": 0.835, "f1-score": 0.87434554973822, "support": 1000}, "3": {"precision": 0.9278557114228457, "recall": 0.926, "f1-score": 0.9269269269269269, "support": 1000}, "4": {"precision": 0.8424467099165894, "recall": 0.909, "f1-score": 0.8744588744588744, "support": 1000}, "5": {"precision": 0.985014985014985, "recall": 0.986, "f1-score": 0.9855072463768115, "support": 1000}, "6": {"precision": 0.767578125, "recall": 0.786, "f1-score": 0.7766798418972333, "support": 1000}, "7": {"precision": 0.9625615763546798, "recall": 0.977, "f1-score": 0.9697270471464019, "support": 1000}, "8": {"precision": 0.986, "recall": 0.986, "f1-score": 0.986, "support": 1000}, "9": {"precision": 0.9786150712830958, "recall": 0.961, "f1-score": 0.9697275479313825, "support": 1000}, "accuracy": 0.9218, "macro avg": {"precision": 0.9226789029527683, "recall": 0.9218, "f1-score": 0.9218871732580871, "support": 10000}, "weighted avg": {"precision": 0.9226789029527681, "recall": 0.9218, "f1-score": 0.921887173258087, "support": 10000}}