{"0": {"precision": 0.8500477554918816, "recall": 0.89, "f1-score": 0.8695652173913044, "support": 1000}, "1": {"precision": 0.9919759277833501, "recall": 0.989, "f1-score": 0.9904857285928894, "support": 1000}, "2": {"precision": 0.9019019019019019, "recall": 0.901, "f1-score": 0.9014507253626813, "support": 1000}, "3": {"precision": 0.9412360688956434, "recall": 0.929, "f1-score": 0.9350780070457978, "support": 1000}, "4": {"precision": 0.845031905195989, "recall": 0.927, "f1-score": 0.8841201716738197, "support": 1000}, "5": {"precision": 0.9899598393574297, "recall": 0.986, "f1-score": 0.9879759519038075, "support": 1000}, "6": {"precision": 0.823728813559322, "recall": 0.729, "f1-score": 0.773474801061008, "support": 1000}, "7": {"precision": 0.95703125, "recall": 0.98, "f1-score": 0.9683794466403162, "support": 1000}, "8": {"precision": 0.9909182643794148, "recall": 0.982, "f1-score": 0.9864389753892516, "support": 1000}, "9": {"precision": 0.977482088024565, "recall": 0.955, "f1-score": 0.966110268082954, "support": 1000}, "accuracy": 0.9268, "macro avg": {"precision": 0.9269313814589498, "recall": 0.9267999999999998, "f1-score": 0.926307929314383, "support": 10000}, "weighted avg": {"precision": 0.9269313814589496, "recall": 0.9268, "f1-score": 0.9263079293143828, "support": 10000}}