{"epoch": [0, 1, 2, 3, 4, 5, 6, 7, 8, 9, 10, 11, 12, 13, 14, 15, 16, 17, 18, 19], "train_loss": [0.49571143120527267, 0.3066238662739595, 0.26331531208654246, 0.23679957826435566, 0.2207536518762509, 0.20542665589153766, 0.19120173254559436, 0.17928342939068873, 0.16853466314673424, 0.15881760685890914, 0.15114970110356807, 0.14302937424754103, 0.1335522137744973, 0.12597696796643237, 0.12089143740261594, 0.1130471214906623, 0.10558287197140356, 0.09969090180136263, 0.09459307315889746, 0.08770962428913141], "train_acc": [0.8186833333333333, 0.8892, 0.9047166666666666, 0.9149666666666667, 0.9207666666666666, 0.92565, 0.9318333333333333, 0.9351666666666667, 0.93845, 0.9426166666666667, 0.9449166666666666, 0.9475666666666667, 0.95165, 0.9549833333333333, 0.9562, 0.9586833333333333, 0.9617333333333333, 0.9637, 0.9648833333333333, 0.9683833333333334], "test_loss": [0.30889827414499593, 0.30671260388921945, 0.29224262356092223, 0.23858211359456183, 0.2375406883124262, 0.22167053559843916, 0.2207747168391943, 0.24053457751820095, 0.22976117324740625, 0.20980676582121524, 0.22776778477701592, 0.21976239807693054, 0.2124677245284678, 0.25622577830487864, 0.22835237259408458, 0.21934711021903203, 0.2293483282545596, 0.24125925588834943, 0.23954335535778956, 0.24635635962491223], "test_acc": [0.8865, 0.885, 0.8986, 0.9148, 0.9161, 0.9211, 0.9217, 0.9177, 0.9182, 0.93, 0.9202, 0.9246, 0.9293, 0.9195, 0.9245, 0.9296, 0.9285, 0.9269, 0.9265, 0.9268]}